Dependency metrics,Thu, 9 Apr 2020 23:20:57 IST
Class,Cyclic,Dcy,Dcy*,Dpt,Dpt*
"AddPartyView",2,4,25,2,3
"Alley",0,1,20,1,1
"Bowler",0,0,0,10,16
"BowlerFile",0,1,1,2,6
"ControlDesk",0,7,19,3,5
"ControlDeskEvent",0,0,0,3,7
"ControlDeskView",2,7,25,2,3
"EndGamePrompt",0,0,0,1,9
"EndGameReport",0,2,2,1,9
"Lane",0,11,14,4,8
"LaneEvent",0,2,2,4,11
"LaneStatusView",0,9,17,1,4
"LaneView",0,5,15,1,5
"NewPatronView",2,1,25,1,3
"Party",0,0,0,6,14
"PinSetterView",0,2,2,1,5
"Pinsetter",0,2,2,3,9
"PinsetterEvent",0,0,0,5,12
"PrintableText",0,1,1,1,10
"Queue",0,0,0,1,6
"Score",0,0,0,2,11
"ScoreHistoryFile",0,1,1,2,10
"ScoreReport",0,4,5,1,9
"drive",0,3,27,0,0

Interface,Cyclic,Dcy,Dcy*,Dpt,Dpt*
"ControlDeskObserver",0,1,1,2,6
"LaneEventInterface",0,2,2,0,0
"LaneObserver",0,1,3,4,10
"LaneServer",0,1,4,0,0
"PinsetterObserver",0,1,1,4,11

Package,PDcy,PDpt
"",0,0

