Complexity metrics,Thu, 9 Apr 2020 23:11:16 IST
Method,ev(G),iv(G),v(G)
"AddPartyView.AddPartyView(ControlDeskView,int)",1,2,2
"AddPartyView.actionPerformed(ActionEvent)",1,11,11
"AddPartyView.getNames()",1,1,1
"AddPartyView.getParty()",1,1,1
"AddPartyView.makeButtonWithPanel(JButton,JPanel)",1,1,1
"AddPartyView.updateNewPatron(NewPatronView)",1,3,3
"AddPartyView.valueChanged(ListSelectionEvent)",1,3,3
"Alley.Alley(int)",1,1,1
"Alley.getControlDesk()",1,1,1
"Bowler.Bowler(String,String,String)",1,1,1
"Bowler.equals(Bowler)",1,1,4
"Bowler.getEmail()",1,1,1
"Bowler.getFullName()",1,1,1
"Bowler.getNick()",1,1,1
"Bowler.getNickName()",1,1,1
"BowlerFile.getBowlerInfo(String)",3,3,3
"BowlerFile.getBowlers()",1,2,2
"BowlerFile.putBowlerInfo(String,String,String)",1,1,1
"BowlerFile.registerPatron(String)",1,3,3
"ControlDesk.ControlDesk(int)",1,2,2
"ControlDesk.addPartyQueue(Vector)",1,2,2
"ControlDesk.assignLane()",1,4,4
"ControlDesk.editSubscribers(Vector)",1,1,1
"ControlDesk.getLanes()",1,1,1
"ControlDesk.getNumLanes()",1,1,1
"ControlDesk.getPartyQueue()",1,2,2
"ControlDesk.run()",1,2,3
"ControlDesk.showSubscribers()",1,1,1
"ControlDesk.viewScores(Lane)",1,1,1
"ControlDeskEvent.ControlDeskEvent(Vector)",1,1,1
"ControlDeskEvent.getPartyQueue()",1,1,1
"ControlDeskView.ControlDeskView(ControlDesk,int)",1,2,2
"ControlDeskView.actionPerformed(ActionEvent)",1,3,4
"ControlDeskView.makeButtonWithPanel(JButton,JPanel)",1,1,1
"ControlDeskView.receiveControlDeskEvent(ControlDeskEvent)",1,1,1
"ControlDeskView.updateAddParty(AddPartyView)",1,1,1
"EndGamePrompt.EndGamePrompt(String)",1,1,1
"EndGamePrompt.actionPerformed(ActionEvent)",1,1,3
"EndGamePrompt.distroy()",1,1,1
"EndGamePrompt.getResult()",1,3,3
"EndGamePrompt.makeButtonWithPanel(JButton,JPanel)",1,1,1
"EndGameReport.EndGameReport(String,Party)",1,2,2
"EndGameReport.actionPerformed(ActionEvent)",1,3,3
"EndGameReport.destroy()",1,1,1
"EndGameReport.getResult()",1,3,3
"EndGameReport.main(String[])",1,2,2
"EndGameReport.makeButtonWithPanel(JButton,JPanel)",1,1,1
"EndGameReport.valueChanged(ListSelectionEvent)",1,1,1
"Lane.Lane()",1,1,1
"Lane.afterGameEnds()",1,6,6
"Lane.assignParty(Party)",1,1,1
"Lane.editSubscribers(Vector)",1,1,1
"Lane.getPinsetter()",1,1,1
"Lane.getScore(Bowler,int)",5,1,38
"Lane.isGameFinished()",1,1,1
"Lane.isPartyAssigned()",1,1,1
"Lane.lanePublish()",1,1,1
"Lane.markScore(Bowler,int,int,int)",1,1,1
"Lane.pauseGame()",1,1,1
"Lane.playGame()",1,5,6
"Lane.receivePinsetterEvent(PinsetterEvent)",1,9,12
"Lane.resetBowlerIterator()",1,1,1
"Lane.resetScores()",1,2,3
"Lane.run()",1,5,9
"Lane.showSubscribers()",1,1,1
"Lane.unPauseGame()",1,1,1
"Lane.unsubscribe(LaneObserver)",1,1,1
"LaneEvent.LaneEvent(Party,int,Bowler,int[][],HashMap,int,int[],int,boolean)",1,1,1
"LaneEvent.getBall()",1,1,1
"LaneEvent.getBowler()",1,1,1
"LaneEvent.getCumulScore()",1,1,1
"LaneEvent.getCurScores()",1,1,1
"LaneEvent.getFrame()",1,1,1
"LaneEvent.getFrameNum()",1,1,1
"LaneEvent.getIndex()",1,1,1
"LaneEvent.getParty()",1,1,1
"LaneEvent.getScore()",1,1,1
"LaneEvent.isMechanicalProblem()",1,1,1
"LaneStatusView.LaneStatusView(Lane,int)",1,1,1
"LaneStatusView.actionPerformed(ActionEvent)",1,11,11
"LaneStatusView.makeButtonWithPanel(JButton,JPanel)",1,1,1
"LaneStatusView.receiveLaneEvent(LaneEvent)",1,3,3
"LaneStatusView.receivePinsetterEvent(PinsetterEvent)",1,1,1
"LaneStatusView.showLane()",1,1,1
"LaneView.LaneView(Lane,int)",1,1,1
"LaneView.actionPerformed(ActionEvent)",1,2,2
"LaneView.hide()",1,1,1
"LaneView.makeFrame(Party)",1,7,7
"LaneView.receiveLaneEvent(LaneEvent)",1,17,19
"LaneView.show()",1,1,1
"NewPatronView.NewPatronView(AddPartyView)",1,1,1
"NewPatronView.actionPerformed(ActionEvent)",1,3,3
"NewPatronView.done()",1,1,1
"NewPatronView.getEmail()",1,1,1
"NewPatronView.getFull()",1,1,1
"NewPatronView.getNick()",1,1,1
"NewPatronView.makeButtonWithPanel(JButton,JPanel)",1,1,1
"Party.Party(Vector)",1,1,1
"Party.getMembers()",1,1,1
"PinSetterView.PinSetterView(int)",1,1,1
"PinSetterView.hide()",1,1,1
"PinSetterView.main(String[])",1,1,1
"PinSetterView.receivePinsetterEvent(PinsetterEvent)",1,7,7
"PinSetterView.show()",1,1,1
"Pinsetter.Pinsetter()",1,1,1
"Pinsetter.ballThrown()",1,3,7
"Pinsetter.editSubscribers(Vector)",1,1,1
"Pinsetter.reset()",1,1,2
"Pinsetter.resetPins()",1,1,2
"Pinsetter.sendEvent(int)",1,2,2
"Pinsetter.showSubscribers()",1,1,1
"PinsetterEvent.PinsetterEvent(boolean[],boolean,int,int)",1,1,2
"PinsetterEvent.getThrowNumber()",1,1,1
"PinsetterEvent.isFoulCommited()",1,1,1
"PinsetterEvent.pinKnockedDown(int)",1,1,1
"PinsetterEvent.pinsDownOnThisThrow()",1,1,1
"PinsetterEvent.totalPinsDown()",1,2,3
"PrintableText.PrintableText(String)",1,1,1
"PrintableText.print(Graphics,PageFormat,int)",2,3,4
"PubAndSubs.publish(UnivEvent,Vector,String)",1,6,6
"PubAndSubs.subscribe(UnivObserver,Vector)",1,1,1
"Queue.Queue()",1,1,1
"Queue.add(Object)",1,1,1
"Queue.asVector()",1,1,1
"Queue.hasMoreElements()",1,1,1
"Queue.next()",1,1,1
"Score.Score(String,String,String)",1,1,1
"Score.getDate()",1,1,1
"Score.getNickName()",1,1,1
"Score.getScore()",1,1,1
"Score.toString()",1,1,1
"ScoreHistoryFile.addScore(String,String,String)",1,1,1
"ScoreHistoryFile.getScores(String)",1,3,3
"ScoreReport.ScoreReport(Bowler,int[],int)",1,3,4
"ScoreReport.sendEmail(String)",1,2,2
"ScoreReport.sendPrintout()",1,3,3
"ScoreReport.sendln(BufferedReader,BufferedWriter,String)",1,2,2
"ScoreReport.sendln(BufferedWriter,String)",1,2,2
"drive.main(String[])",1,1,1

Class,OCavg,WMC
"AddPartyView",2.57,18
"Alley",1.00,2
"Bowler",1.50,9
"BowlerFile",1.75,7
"ControlDesk",1.60,16
"ControlDeskEvent",1.00,2
"ControlDeskView",1.67,10
"EndGamePrompt",1.60,8
"EndGameReport",1.71,12
"Lane",3.79,72
"LaneEvent",1.00,11
"LaneStatusView",3.00,18
"LaneView",3.57,25
"NewPatronView",1.29,9
"Party",1.00,2
"PinSetterView",2.20,11
"Pinsetter",2.00,14
"PinsetterEvent",1.50,9
"PrintableText",2.50,5
"PubAndSubs",3.50,7
"Queue",1.00,5
"Score",1.00,5
"ScoreHistoryFile",2.00,4
"ScoreReport",1.60,8
"drive",1.00,1

Package,v(G)avg,v(G)tot
"",2.35,327

Module,v(G)avg,v(G)tot
"DASS_ASSIGNMENT_3",2.35,327

Project,v(G)avg,v(G)tot
"project",2.35,327

