Dependency metrics,Thu, 9 Apr 2020 23:22:48 IST
Class,Cyclic,Dcy,Dcy*,Dpt,Dpt*
"AddPartyView",2,4,28,2,3
"Alley",0,1,23,1,1
"Bowler",0,0,0,10,17
"BowlerFile",0,1,1,2,6
"ControlDesk",0,7,22,3,5
"ControlDeskEvent",0,1,1,4,11
"ControlDeskView",2,8,28,2,3
"EndGamePrompt",0,0,0,1,9
"EndGameReport",0,2,2,1,9
"Lane",0,12,19,4,8
"LaneEvent",0,3,3,5,12
"LaneStatusView",0,10,22,1,4
"LaneView",0,5,20,1,5
"NewPatronView",2,1,28,1,3
"Party",0,0,0,6,15
"PinSetterView",0,2,3,1,5
"Pinsetter",0,2,3,3,9
"PinsetterEvent",0,0,0,5,12
"PrintableText",0,1,1,1,10
"PubAndSubs",0,6,8,5,9
"Queue",0,0,0,1,6
"Score",0,0,0,2,11
"ScoreHistoryFile",0,1,1,2,10
"ScoreReport",0,4,5,1,9
"drive",0,4,30,0,0

Interface,Cyclic,Dcy,Dcy*,Dpt,Dpt*
"ControlDeskObserver",0,2,3,2,10
"LaneEventInterface",0,2,2,0,0
"LaneObserver",0,2,5,5,11
"LaneServer",0,1,6,0,0
"PinsetterObserver",0,2,2,4,11
"UnivEvent",0,0,0,3,15
"UnivObserver",0,0,0,4,16

Package,PDcy,PDpt
"",0,0
"codemr.DASS_ASSIGNMENT_3 1.html",0,0
"codemr.DASS_ASSIGNMENT_3 1.html.graph_htmls",0,0
"codemr.DASS_ASSIGNMENT_3 1.html.html_report_dass_assignment_3",0,0
"codemr.DASS_ASSIGNMENT_3 1.html.html_report_dass_assignment_3.htmlx",0,0
"codemr.DASS_ASSIGNMENT_3 1.html.html_report_dass_assignment_3.htmlx.lbd",0,0
"codemr.DASS_ASSIGNMENT_3 1.html.html_report_dass_assignment_3.htmlx.modeldata",0,0
"codemr.DASS_ASSIGNMENT_3 1.html.main_report",0,0
"codemr.DASS_ASSIGNMENT_3 1.html.main_report.html.assets.css",0,0
"codemr.DASS_ASSIGNMENT_3 1.html.main_report.html.assets.fonts",0,0
"codemr.DASS_ASSIGNMENT_3 1.html.main_report.html.assets.img",0,0
"codemr.DASS_ASSIGNMENT_3 1.html.main_report.html.assets.js",0,0
"codemr.DASS_ASSIGNMENT_3 1.html.main_report.html.assets.sass",0,0
"codemr.DASS_ASSIGNMENT_3 1.html.main_report.html.assets.sass.lbd",0,0
"codemr.DASS_ASSIGNMENT_3 1.html.main_report.html.assets.sass.lbd.mixins",0,0
"codemr.DASS_ASSIGNMENT_3 1.html.main_report.html.fonts",0,0
"codemr.DASS_ASSIGNMENT_3 1.html.main_report.html.fonts.font-awesome-4.7.0.css",0,0
"codemr.DASS_ASSIGNMENT_3 1.html.main_report.html.fonts.font-awesome-4.7.0.fonts",0,0
"codemr.DASS_ASSIGNMENT_3 1.html.main_report.html.fonts.font-awesome-4.7.0.less",0,0
"codemr.DASS_ASSIGNMENT_3 1.html.main_report.html.fonts.font-awesome-4.7.0.scss",0,0
"codemr.DASS_ASSIGNMENT_3 1.html.main_report.html.fonts.font-codemr",0,0
"codemr.DASS_ASSIGNMENT_3 1.html.main_report.html.fonts.font-codemr.css",0,0
"codemr.DASS_ASSIGNMENT_3 1.html.main_report.html.fonts.font-codemr.font",0,0
"codemr.DASS_ASSIGNMENT_3 1.html.main_report.htmlx",0,0
"codemr.DASS_ASSIGNMENT_3 1.html.main_report.htmlx.lbd",0,0
"codemr.DASS_ASSIGNMENT_3 1.html.main_report.htmlx.modeldata",0,0
"codemr.DASS_ASSIGNMENT_3 2.html",0,0
"codemr.DASS_ASSIGNMENT_3 2.html.graph_htmls",0,0
"codemr.DASS_ASSIGNMENT_3 2.html.html_report_dass_assignment_3",0,0
"codemr.DASS_ASSIGNMENT_3 2.html.html_report_dass_assignment_3.htmlx",0,0
"codemr.DASS_ASSIGNMENT_3 2.html.html_report_dass_assignment_3.htmlx.lbd",0,0
"codemr.DASS_ASSIGNMENT_3 2.html.html_report_dass_assignment_3.htmlx.modeldata",0,0
"codemr.DASS_ASSIGNMENT_3 2.html.main_report",0,0
"codemr.DASS_ASSIGNMENT_3 2.html.main_report.html.assets.css",0,0
"codemr.DASS_ASSIGNMENT_3 2.html.main_report.html.assets.fonts",0,0
"codemr.DASS_ASSIGNMENT_3 2.html.main_report.html.assets.img",0,0
"codemr.DASS_ASSIGNMENT_3 2.html.main_report.html.assets.js",0,0
"codemr.DASS_ASSIGNMENT_3 2.html.main_report.html.assets.sass",0,0
"codemr.DASS_ASSIGNMENT_3 2.html.main_report.html.assets.sass.lbd",0,0
"codemr.DASS_ASSIGNMENT_3 2.html.main_report.html.assets.sass.lbd.mixins",0,0
"codemr.DASS_ASSIGNMENT_3 2.html.main_report.html.fonts",0,0
"codemr.DASS_ASSIGNMENT_3 2.html.main_report.html.fonts.font-awesome-4.7.0.css",0,0
"codemr.DASS_ASSIGNMENT_3 2.html.main_report.html.fonts.font-awesome-4.7.0.fonts",0,0
"codemr.DASS_ASSIGNMENT_3 2.html.main_report.html.fonts.font-awesome-4.7.0.less",0,0
"codemr.DASS_ASSIGNMENT_3 2.html.main_report.html.fonts.font-awesome-4.7.0.scss",0,0
"codemr.DASS_ASSIGNMENT_3 2.html.main_report.html.fonts.font-codemr",0,0
"codemr.DASS_ASSIGNMENT_3 2.html.main_report.html.fonts.font-codemr.css",0,0
"codemr.DASS_ASSIGNMENT_3 2.html.main_report.html.fonts.font-codemr.font",0,0
"codemr.DASS_ASSIGNMENT_3 2.html.main_report.htmlx",0,0
"codemr.DASS_ASSIGNMENT_3 2.html.main_report.htmlx.lbd",0,0
"codemr.DASS_ASSIGNMENT_3 2.html.main_report.htmlx.modeldata",0,0
"codemr.DASS_ASSIGNMENT_3 3.html",0,0
"codemr.DASS_ASSIGNMENT_3 3.html.graph_htmls",0,0
"codemr.DASS_ASSIGNMENT_3 3.html.html_report_dass_assignment_3",0,0
"codemr.DASS_ASSIGNMENT_3 3.html.html_report_dass_assignment_3.htmlx",0,0
"codemr.DASS_ASSIGNMENT_3 3.html.html_report_dass_assignment_3.htmlx.lbd",0,0
"codemr.DASS_ASSIGNMENT_3 3.html.html_report_dass_assignment_3.htmlx.modeldata",0,0
"codemr.DASS_ASSIGNMENT_3 3.html.main_report",0,0
"codemr.DASS_ASSIGNMENT_3 3.html.main_report.html.assets.css",0,0
"codemr.DASS_ASSIGNMENT_3 3.html.main_report.html.assets.fonts",0,0
"codemr.DASS_ASSIGNMENT_3 3.html.main_report.html.assets.img",0,0
"codemr.DASS_ASSIGNMENT_3 3.html.main_report.html.assets.js",0,0
"codemr.DASS_ASSIGNMENT_3 3.html.main_report.html.assets.sass",0,0
"codemr.DASS_ASSIGNMENT_3 3.html.main_report.html.assets.sass.lbd",0,0
"codemr.DASS_ASSIGNMENT_3 3.html.main_report.html.assets.sass.lbd.mixins",0,0
"codemr.DASS_ASSIGNMENT_3 3.html.main_report.html.fonts",0,0
"codemr.DASS_ASSIGNMENT_3 3.html.main_report.html.fonts.font-awesome-4.7.0.css",0,0
"codemr.DASS_ASSIGNMENT_3 3.html.main_report.html.fonts.font-awesome-4.7.0.fonts",0,0
"codemr.DASS_ASSIGNMENT_3 3.html.main_report.html.fonts.font-awesome-4.7.0.less",0,0
"codemr.DASS_ASSIGNMENT_3 3.html.main_report.html.fonts.font-awesome-4.7.0.scss",0,0
"codemr.DASS_ASSIGNMENT_3 3.html.main_report.html.fonts.font-codemr",0,0
"codemr.DASS_ASSIGNMENT_3 3.html.main_report.html.fonts.font-codemr.css",0,0
"codemr.DASS_ASSIGNMENT_3 3.html.main_report.html.fonts.font-codemr.font",0,0
"codemr.DASS_ASSIGNMENT_3 3.html.main_report.htmlx",0,0
"codemr.DASS_ASSIGNMENT_3 3.html.main_report.htmlx.lbd",0,0
"codemr.DASS_ASSIGNMENT_3 3.html.main_report.htmlx.modeldata",0,0
"codemr.DASS_ASSIGNMENT_3 4.html",0,0
"codemr.DASS_ASSIGNMENT_3 4.html.graph_htmls",0,0
"codemr.DASS_ASSIGNMENT_3 4.html.html_report_dass_assignment_3",0,0
"codemr.DASS_ASSIGNMENT_3 4.html.html_report_dass_assignment_3.htmlx",0,0
"codemr.DASS_ASSIGNMENT_3 4.html.html_report_dass_assignment_3.htmlx.lbd",0,0
"codemr.DASS_ASSIGNMENT_3 4.html.html_report_dass_assignment_3.htmlx.modeldata",0,0
"codemr.DASS_ASSIGNMENT_3 4.html.main_report",0,0
"codemr.DASS_ASSIGNMENT_3 4.html.main_report.html.assets.css",0,0
"codemr.DASS_ASSIGNMENT_3 4.html.main_report.html.assets.fonts",0,0
"codemr.DASS_ASSIGNMENT_3 4.html.main_report.html.assets.img",0,0
"codemr.DASS_ASSIGNMENT_3 4.html.main_report.html.assets.js",0,0
"codemr.DASS_ASSIGNMENT_3 4.html.main_report.html.assets.sass",0,0
"codemr.DASS_ASSIGNMENT_3 4.html.main_report.html.assets.sass.lbd",0,0
"codemr.DASS_ASSIGNMENT_3 4.html.main_report.html.assets.sass.lbd.mixins",0,0
"codemr.DASS_ASSIGNMENT_3 4.html.main_report.html.fonts",0,0
"codemr.DASS_ASSIGNMENT_3 4.html.main_report.html.fonts.font-awesome-4.7.0.css",0,0
"codemr.DASS_ASSIGNMENT_3 4.html.main_report.html.fonts.font-awesome-4.7.0.fonts",0,0
"codemr.DASS_ASSIGNMENT_3 4.html.main_report.html.fonts.font-awesome-4.7.0.less",0,0
"codemr.DASS_ASSIGNMENT_3 4.html.main_report.html.fonts.font-awesome-4.7.0.scss",0,0
"codemr.DASS_ASSIGNMENT_3 4.html.main_report.html.fonts.font-codemr",0,0
"codemr.DASS_ASSIGNMENT_3 4.html.main_report.html.fonts.font-codemr.css",0,0
"codemr.DASS_ASSIGNMENT_3 4.html.main_report.html.fonts.font-codemr.font",0,0
"codemr.DASS_ASSIGNMENT_3 4.html.main_report.htmlx",0,0
"codemr.DASS_ASSIGNMENT_3 4.html.main_report.htmlx.lbd",0,0
"codemr.DASS_ASSIGNMENT_3 4.html.main_report.htmlx.modeldata",0,0
"codemr.DASS_ASSIGNMENT_3 5.html.graph_htmls",0,0
"codemr.DASS_ASSIGNMENT_3 5.html.main_report",0,0
"codemr.DASS_ASSIGNMENT_3 5.html.main_report.html.assets.css",0,0
"codemr.DASS_ASSIGNMENT_3 5.html.main_report.html.assets.fonts",0,0
"codemr.DASS_ASSIGNMENT_3 5.html.main_report.html.assets.img",0,0
"codemr.DASS_ASSIGNMENT_3 5.html.main_report.html.assets.js",0,0
"codemr.DASS_ASSIGNMENT_3 5.html.main_report.html.assets.sass",0,0
"codemr.DASS_ASSIGNMENT_3 5.html.main_report.html.assets.sass.lbd",0,0
"codemr.DASS_ASSIGNMENT_3 5.html.main_report.html.assets.sass.lbd.mixins",0,0
"codemr.DASS_ASSIGNMENT_3 5.html.main_report.html.fonts",0,0
"codemr.DASS_ASSIGNMENT_3 5.html.main_report.html.fonts.font-awesome-4.7.0.css",0,0
"codemr.DASS_ASSIGNMENT_3 5.html.main_report.html.fonts.font-awesome-4.7.0.fonts",0,0
"codemr.DASS_ASSIGNMENT_3 5.html.main_report.html.fonts.font-awesome-4.7.0.less",0,0
"codemr.DASS_ASSIGNMENT_3 5.html.main_report.html.fonts.font-awesome-4.7.0.scss",0,0
"codemr.DASS_ASSIGNMENT_3 5.html.main_report.html.fonts.font-codemr",0,0
"codemr.DASS_ASSIGNMENT_3 5.html.main_report.html.fonts.font-codemr.css",0,0
"codemr.DASS_ASSIGNMENT_3 5.html.main_report.html.fonts.font-codemr.font",0,0
"codemr.DASS_ASSIGNMENT_3 5.html.main_report.htmlx",0,0
"codemr.DASS_ASSIGNMENT_3 5.html.main_report.htmlx.lbd",0,0
"codemr.DASS_ASSIGNMENT_3 5.html.main_report.htmlx.modeldata",0,0
"codemr.DASS_ASSIGNMENT_3 6.html.graph_htmls",0,0
"codemr.DASS_ASSIGNMENT_3 6.html.main_report",0,0
"codemr.DASS_ASSIGNMENT_3 6.html.main_report.html.assets.css",0,0
"codemr.DASS_ASSIGNMENT_3 6.html.main_report.html.assets.fonts",0,0
"codemr.DASS_ASSIGNMENT_3 6.html.main_report.html.assets.img",0,0
"codemr.DASS_ASSIGNMENT_3 6.html.main_report.html.assets.js",0,0
"codemr.DASS_ASSIGNMENT_3 6.html.main_report.html.assets.sass",0,0
"codemr.DASS_ASSIGNMENT_3 6.html.main_report.html.assets.sass.lbd",0,0
"codemr.DASS_ASSIGNMENT_3 6.html.main_report.html.assets.sass.lbd.mixins",0,0
"codemr.DASS_ASSIGNMENT_3 6.html.main_report.html.fonts",0,0
"codemr.DASS_ASSIGNMENT_3 6.html.main_report.html.fonts.font-awesome-4.7.0.css",0,0
"codemr.DASS_ASSIGNMENT_3 6.html.main_report.html.fonts.font-awesome-4.7.0.fonts",0,0
"codemr.DASS_ASSIGNMENT_3 6.html.main_report.html.fonts.font-awesome-4.7.0.less",0,0
"codemr.DASS_ASSIGNMENT_3 6.html.main_report.html.fonts.font-awesome-4.7.0.scss",0,0
"codemr.DASS_ASSIGNMENT_3 6.html.main_report.html.fonts.font-codemr",0,0
"codemr.DASS_ASSIGNMENT_3 6.html.main_report.html.fonts.font-codemr.css",0,0
"codemr.DASS_ASSIGNMENT_3 6.html.main_report.html.fonts.font-codemr.font",0,0
"codemr.DASS_ASSIGNMENT_3 6.html.main_report.htmlx",0,0
"codemr.DASS_ASSIGNMENT_3 6.html.main_report.htmlx.lbd",0,0
"codemr.DASS_ASSIGNMENT_3 6.html.main_report.htmlx.modeldata",0,0
"codemr.DASS_ASSIGNMENT_3 7.html",0,0
"codemr.DASS_ASSIGNMENT_3 7.html.graph_htmls",0,0
"codemr.DASS_ASSIGNMENT_3 7.html.html_report_dass_assignment_3",0,0
"codemr.DASS_ASSIGNMENT_3 7.html.html_report_dass_assignment_3.htmlx",0,0
"codemr.DASS_ASSIGNMENT_3 7.html.html_report_dass_assignment_3.htmlx.lbd",0,0
"codemr.DASS_ASSIGNMENT_3 7.html.html_report_dass_assignment_3.htmlx.modeldata",0,0
"codemr.DASS_ASSIGNMENT_3 7.html.main_report",0,0
"codemr.DASS_ASSIGNMENT_3 7.html.main_report.html.assets.css",0,0
"codemr.DASS_ASSIGNMENT_3 7.html.main_report.html.assets.fonts",0,0
"codemr.DASS_ASSIGNMENT_3 7.html.main_report.html.assets.img",0,0
"codemr.DASS_ASSIGNMENT_3 7.html.main_report.html.assets.js",0,0
"codemr.DASS_ASSIGNMENT_3 7.html.main_report.html.assets.sass",0,0
"codemr.DASS_ASSIGNMENT_3 7.html.main_report.html.assets.sass.lbd",0,0
"codemr.DASS_ASSIGNMENT_3 7.html.main_report.html.assets.sass.lbd.mixins",0,0
"codemr.DASS_ASSIGNMENT_3 7.html.main_report.html.fonts",0,0
"codemr.DASS_ASSIGNMENT_3 7.html.main_report.html.fonts.font-awesome-4.7.0.css",0,0
"codemr.DASS_ASSIGNMENT_3 7.html.main_report.html.fonts.font-awesome-4.7.0.fonts",0,0
"codemr.DASS_ASSIGNMENT_3 7.html.main_report.html.fonts.font-awesome-4.7.0.less",0,0
"codemr.DASS_ASSIGNMENT_3 7.html.main_report.html.fonts.font-awesome-4.7.0.scss",0,0
"codemr.DASS_ASSIGNMENT_3 7.html.main_report.html.fonts.font-codemr",0,0
"codemr.DASS_ASSIGNMENT_3 7.html.main_report.html.fonts.font-codemr.css",0,0
"codemr.DASS_ASSIGNMENT_3 7.html.main_report.html.fonts.font-codemr.font",0,0
"codemr.DASS_ASSIGNMENT_3 7.html.main_report.htmlx",0,0
"codemr.DASS_ASSIGNMENT_3 7.html.main_report.htmlx.lbd",0,0
"codemr.DASS_ASSIGNMENT_3 7.html.main_report.htmlx.modeldata",0,0
"codemr.DASS_ASSIGNMENT_3 8.html",0,0
"codemr.DASS_ASSIGNMENT_3 8.html.graph_htmls",0,0
"codemr.DASS_ASSIGNMENT_3 8.html.html_report_dass_assignment_3",0,0
"codemr.DASS_ASSIGNMENT_3 8.html.html_report_dass_assignment_3.htmlx",0,0
"codemr.DASS_ASSIGNMENT_3 8.html.html_report_dass_assignment_3.htmlx.lbd",0,0
"codemr.DASS_ASSIGNMENT_3 8.html.html_report_dass_assignment_3.htmlx.modeldata",0,0
"codemr.DASS_ASSIGNMENT_3 8.html.main_report",0,0
"codemr.DASS_ASSIGNMENT_3 8.html.main_report.html.assets.css",0,0
"codemr.DASS_ASSIGNMENT_3 8.html.main_report.html.assets.fonts",0,0
"codemr.DASS_ASSIGNMENT_3 8.html.main_report.html.assets.img",0,0
"codemr.DASS_ASSIGNMENT_3 8.html.main_report.html.assets.js",0,0
"codemr.DASS_ASSIGNMENT_3 8.html.main_report.html.assets.sass",0,0
"codemr.DASS_ASSIGNMENT_3 8.html.main_report.html.assets.sass.lbd",0,0
"codemr.DASS_ASSIGNMENT_3 8.html.main_report.html.assets.sass.lbd.mixins",0,0
"codemr.DASS_ASSIGNMENT_3 8.html.main_report.html.fonts",0,0
"codemr.DASS_ASSIGNMENT_3 8.html.main_report.html.fonts.font-awesome-4.7.0.css",0,0
"codemr.DASS_ASSIGNMENT_3 8.html.main_report.html.fonts.font-awesome-4.7.0.fonts",0,0
"codemr.DASS_ASSIGNMENT_3 8.html.main_report.html.fonts.font-awesome-4.7.0.less",0,0
"codemr.DASS_ASSIGNMENT_3 8.html.main_report.html.fonts.font-awesome-4.7.0.scss",0,0
"codemr.DASS_ASSIGNMENT_3 8.html.main_report.html.fonts.font-codemr",0,0
"codemr.DASS_ASSIGNMENT_3 8.html.main_report.html.fonts.font-codemr.css",0,0
"codemr.DASS_ASSIGNMENT_3 8.html.main_report.html.fonts.font-codemr.font",0,0
"codemr.DASS_ASSIGNMENT_3 8.html.main_report.htmlx",0,0
"codemr.DASS_ASSIGNMENT_3 8.html.main_report.htmlx.lbd",0,0
"codemr.DASS_ASSIGNMENT_3 8.html.main_report.htmlx.modeldata",0,0
"codemr.DASS_ASSIGNMENT_3.html",0,0
"codemr.DASS_ASSIGNMENT_3.html.graph_htmls",0,0
"codemr.DASS_ASSIGNMENT_3.html.html_report_dass_assignment_3",0,0
"codemr.DASS_ASSIGNMENT_3.html.html_report_dass_assignment_3.htmlx",0,0
"codemr.DASS_ASSIGNMENT_3.html.html_report_dass_assignment_3.htmlx.lbd",0,0
"codemr.DASS_ASSIGNMENT_3.html.html_report_dass_assignment_3.htmlx.modeldata",0,0
"codemr.DASS_ASSIGNMENT_3.html.main_report",0,0
"codemr.DASS_ASSIGNMENT_3.html.main_report.html.assets.css",0,0
"codemr.DASS_ASSIGNMENT_3.html.main_report.html.assets.fonts",0,0
"codemr.DASS_ASSIGNMENT_3.html.main_report.html.assets.img",0,0
"codemr.DASS_ASSIGNMENT_3.html.main_report.html.assets.js",0,0
"codemr.DASS_ASSIGNMENT_3.html.main_report.html.assets.sass",0,0
"codemr.DASS_ASSIGNMENT_3.html.main_report.html.assets.sass.lbd",0,0
"codemr.DASS_ASSIGNMENT_3.html.main_report.html.assets.sass.lbd.mixins",0,0
"codemr.DASS_ASSIGNMENT_3.html.main_report.html.fonts",0,0
"codemr.DASS_ASSIGNMENT_3.html.main_report.html.fonts.font-awesome-4.7.0.css",0,0
"codemr.DASS_ASSIGNMENT_3.html.main_report.html.fonts.font-awesome-4.7.0.fonts",0,0
"codemr.DASS_ASSIGNMENT_3.html.main_report.html.fonts.font-awesome-4.7.0.less",0,0
"codemr.DASS_ASSIGNMENT_3.html.main_report.html.fonts.font-awesome-4.7.0.scss",0,0
"codemr.DASS_ASSIGNMENT_3.html.main_report.html.fonts.font-codemr",0,0
"codemr.DASS_ASSIGNMENT_3.html.main_report.html.fonts.font-codemr.css",0,0
"codemr.DASS_ASSIGNMENT_3.html.main_report.html.fonts.font-codemr.font",0,0
"codemr.DASS_ASSIGNMENT_3.html.main_report.htmlx",0,0
"codemr.DASS_ASSIGNMENT_3.html.main_report.htmlx.lbd",0,0
"codemr.DASS_ASSIGNMENT_3.html.main_report.htmlx.modeldata",0,0

